{
  "best_params": {
    "criterion": "squared_error",
    "max_depth": 3,
    "min_samples_leaf": 32
  },
  "n_folds": 5,
  "scoring": "neg_mean_squared_error",
  "mean_train_mse": 0.009529352624120418,
  "mean_val_mse": 0.009754507144095141,
  "vies": 0.00022515451997472298,
  "var_train_mse": 1.345372438057043e-08,
  "var_val_mse": 2.2667422558096233e-07,
  "fold_train_mse": [
    0.009523150351831046,
    0.009559301851093046,
    0.00958373040979675,
    0.009663963102166613,
    0.009316617405714635
  ],
  "fold_val_mse": [
    0.009836461443663732,
    0.009678219722551415,
    0.00949640141087983,
    0.009165760281338961,
    0.01059569286204177
  ]
}