{
  "best_params": {
    "mlp__activation": "tanh",
    "mlp__hidden_layer_sizes": "(64, 32)",
    "mlp__learning_rate_init": "0.01"
  },
  "n_folds": 5,
  "scoring": "neg_mean_squared_error",
  "mean_train_mse": 0.00956152623394588,
  "mean_val_mse": 0.010050043022288197,
  "vies": 0.0004885167883423164,
  "var_train_mse": 7.538555250490066e-08,
  "var_val_mse": 1.4115808861638765e-07,
  "fold_train_mse": [
    0.00951188261947145,
    0.009689779832867536,
    0.009787163582595827,
    0.009770525022719526,
    0.009048280112075065
  ],
  "fold_val_mse": [
    0.009668884164058898,
    0.01003979068465994,
    0.009903875394421129,
    0.009874679990639514,
    0.0107629848776615
  ]
}