{
  "cart": {
    "mse_teste": 0.00871953077671725,
    "mean_val_mse": 0.009754507144095141,
    "mse_por_intervalo": [
      0.007886766623806406,
      0.01807169583523838,
      0.03622570214869712,
      0.016594129373285707,
      0.0025580188297081273,
      0.007369311128488022,
      0.03742996622751536,
      0.026021748736147012,
      0.0028163227857099377,
      0.0020315772628749515
    ]
  },
  "mlp": {
    "mse_teste": 0.00933775697203706,
    "mean_val_mse": 0.010050043022288197,
    "mse_por_intervalo": [
      0.008328110284226902,
      0.01976512825293925,
      0.0377640273223466,
      0.0194044636480019,
      0.00461607271728871,
      0.007867665328286986,
      0.0337993150780444,
      0.027995797739041796,
      0.0036770109573464986,
      0.0020853936629922124
    ]
  },
  "intervalos": [
    "[0.0,0.1)",
    "[0.1,0.2)",
    "[0.2,0.3)",
    "[0.3,0.4)",
    "[0.4,0.5)",
    "[0.5,0.6)",
    "[0.6,0.7)",
    "[0.7,0.8)",
    "[0.8,0.9)",
    "[0.9,1.0)"
  ]
}